{"loss":{"0":4.5166296959,"1":4.2575325966,"2":4.2039175034,"3":4.1709866524,"4":4.1486058235,"5":4.131043911,"6":4.1087684631,"7":4.0951781273,"8":4.0794043541,"9":4.0633454323,"10":4.0521039963,"11":4.0388016701,"12":4.0239539146,"13":4.0073633194,"14":3.9932062626,"15":3.9732441902,"16":3.9552791119,"17":3.9280722141,"18":3.908270359,"19":3.8778238297},"AUC-ROC":{"0":0.7166406512,"1":0.7550020814,"2":0.7647985816,"3":0.7705940008,"4":0.7743246555,"5":0.777587831,"6":0.7810864449,"7":0.783315599,"8":0.7858003974,"9":0.7883794904,"10":0.7900400162,"11":0.7923408747,"12":0.7948752642,"13":0.7972798347,"14":0.7997006178,"15":0.8027821779,"16":0.8055791259,"17":0.8094576597,"18":0.8123753667,"19":0.8164710999},"AUC-PR":{"0":0.2154335827,"1":0.2851049006,"2":0.2999209166,"3":0.3084936142,"4":0.3143471777,"5":0.3191940188,"6":0.3250131011,"7":0.3286161125,"8":0.3323179781,"9":0.336828202,"10":0.3391593993,"11":0.3423778713,"12":0.3462134004,"13":0.3500409722,"14":0.3538011611,"15":0.3581378758,"16":0.3625875115,"17":0.3691926599,"18":0.373826623,"19":0.3820120692},"val_loss":{"0":4.2790937424,"1":4.1955246925,"2":4.1456327438,"3":4.0950365067,"4":4.0765547752,"5":4.077837944,"6":4.0739717484,"7":4.0314178467,"8":4.0240449905,"9":4.0402469635,"10":4.0383739471,"11":4.0124320984,"12":4.0158567429,"13":4.0129098892,"14":4.0148153305,"15":4.0406503677,"16":4.0451669693,"17":4.0496907234,"18":4.1104698181,"19":4.0748186111},"val_AUC-ROC":{"0":0.7564873099,"1":0.7690678835,"2":0.7797620296,"3":0.78481251,"4":0.7881578803,"5":0.7872558236,"6":0.7871479988,"7":0.7943060398,"8":0.7956492305,"9":0.7935817838,"10":0.795391202,"11":0.7969704866,"12":0.7968055606,"13":0.7973370552,"14":0.796936512,"15":0.7967118025,"16":0.7941918969,"17":0.7942744493,"18":0.7924343348,"19":0.7905786633},"val_AUC-PR":{"0":0.2800650299,"1":0.3013322651,"2":0.3212003708,"3":0.3292703927,"4":0.3348664939,"5":0.3350410163,"6":0.3336902559,"7":0.3459696472,"8":0.3484333754,"9":0.3427419364,"10":0.3458695412,"11":0.3521379232,"12":0.3514883518,"13":0.3518697917,"14":0.352193445,"15":0.3500345051,"16":0.3474445045,"17":0.3483011723,"18":0.3433690071,"19":0.3450475037},"lr":{"0":0.001,"1":0.001,"2":0.001,"3":0.001,"4":0.001,"5":0.001,"6":0.001,"7":0.001,"8":0.001,"9":0.001,"10":0.001,"11":0.001,"12":0.001,"13":0.001,"14":0.001,"15":0.001,"16":0.001,"17":0.001,"18":0.001,"19":0.001}}