{"loss":{"0":4.5290937424,"1":4.2760777473,"2":4.2232422829,"3":4.1853523254,"4":4.1620135307,"5":4.1417460442,"6":4.1238150597,"7":4.1042275429,"8":4.0854625702,"9":4.0685434341,"10":4.0537567139,"11":4.0380225182,"12":4.0238351822,"13":4.008161068,"14":3.9874997139,"15":3.9706301689,"16":3.9483454227,"17":3.9226841927,"18":3.8981974125,"19":3.8774807453},"AUC-ROC":{"0":0.7135896087,"1":0.7520666122,"2":0.7611139417,"3":0.7682204247,"4":0.7720846534,"5":0.7753657699,"6":0.7787748575,"7":0.7818012238,"8":0.7847853899,"9":0.7872796655,"10":0.7898660898,"11":0.7923713326,"12":0.7947466969,"13":0.7973078489,"14":0.800285995,"15":0.8031801581,"16":0.8065363765,"17":0.8102608323,"18":0.8136733174,"19":0.8163195252},"AUC-PR":{"0":0.2112841308,"1":0.2802331746,"2":0.2947344184,"3":0.3043726683,"4":0.3107814491,"5":0.3155623972,"6":0.3210468292,"7":0.3259664476,"8":0.3309010267,"9":0.3351655602,"10":0.3392224312,"11":0.3424793482,"12":0.3464170396,"13":0.3503237069,"14":0.354962945,"15":0.3588376343,"16":0.3639882803,"17":0.3698290288,"18":0.3762579858,"19":0.3817707896},"val_loss":{"0":4.3013486862,"1":4.1980991364,"2":4.176296711,"3":4.111035347,"4":4.1407966614,"5":4.1008324623,"6":4.0796232224,"7":4.0497088432,"8":4.0424470901,"9":4.0392642021,"10":4.0273361206,"11":4.020717144,"12":4.0387263298,"13":4.0092520714,"14":4.0099039078,"15":4.0177202225,"16":4.0574808121,"17":4.0556249619,"18":4.0567989349,"19":4.0951342583},"val_AUC-ROC":{"0":0.7504723668,"1":0.7713028789,"2":0.7735562921,"3":0.7821457982,"4":0.7773742676,"5":0.7843095064,"6":0.7878861427,"7":0.7917740345,"8":0.7932277322,"9":0.793741703,"10":0.7949598432,"11":0.7961127758,"12":0.7948896289,"13":0.7977818847,"14":0.7982158661,"15":0.7966458797,"16":0.7920789123,"17":0.7921404243,"18":0.7916560769,"19":0.7887691259},"val_AUC-PR":{"0":0.2721190155,"1":0.3004680574,"2":0.3096598089,"3":0.3244199455,"4":0.3155890703,"5":0.3274202943,"6":0.3349170089,"7":0.3395970464,"8":0.3434848189,"9":0.3459531963,"10":0.3475729525,"11":0.3489330411,"12":0.3467645645,"13":0.3533209562,"14":0.3540861309,"15":0.3522543907,"16":0.3445008993,"17":0.3445517123,"18":0.3457836211,"19":0.337000221},"lr":{"0":0.001,"1":0.001,"2":0.001,"3":0.001,"4":0.001,"5":0.001,"6":0.001,"7":0.001,"8":0.001,"9":0.001,"10":0.001,"11":0.001,"12":0.001,"13":0.001,"14":0.001,"15":0.001,"16":0.001,"17":0.001,"18":0.001,"19":0.001}}