{"loss":{"0":11.1568546295,"1":7.8008008003,"2":7.6126608849,"3":7.5799660683,"4":7.5085887909,"5":7.4378390312,"6":7.441432476,"7":7.380988121,"8":7.333548069,"9":7.3356075287,"10":7.2748570442,"11":7.2436442375,"12":7.2034778595,"13":7.208981514,"14":7.1850147247,"15":7.1276407242,"16":7.1301193237,"17":7.1096811295,"18":7.1051044464,"19":7.1579470634},"AUC-ROC":{"0":0.5821516514,"1":0.6753668189,"2":0.6962246895,"3":0.6971436143,"4":0.7049919367,"5":0.7136358023,"6":0.7153926492,"7":0.7220202088,"8":0.7290469408,"9":0.7275329232,"10":0.7318716049,"11":0.7358296514,"12":0.7396636009,"13":0.7427687049,"14":0.744604528,"15":0.7473426461,"16":0.7510589957,"17":0.7527753711,"18":0.7544752955,"19":0.7482497692},"AUC-PR":{"0":0.0805956721,"1":0.1202151328,"2":0.1338990033,"3":0.1347346157,"4":0.1414249837,"5":0.1530079693,"6":0.1582622975,"7":0.1629928499,"8":0.1708948016,"9":0.1718526036,"10":0.1773349643,"11":0.1824776232,"12":0.1845763177,"13":0.1896098405,"14":0.1965089738,"15":0.1989341825,"16":0.205360949,"17":0.2075627893,"18":0.2090236098,"19":0.1956244707},"val_loss":{"0":7.4557614326,"1":7.1117138863,"2":7.1611862183,"3":7.0549249649,"4":7.1563854218,"5":6.8405504227,"6":7.041208744,"7":7.0112757683,"8":7.4518265724,"9":7.1588053703,"10":7.5346260071,"11":6.7787833214,"12":6.8363046646,"13":6.9647045135,"14":6.7987565994,"15":8.5244417191,"16":6.7583031654,"17":6.6108055115,"18":6.9398097992,"19":8.3469314575},"val_AUC-ROC":{"0":0.7422420979,"1":0.7720230222,"2":0.7830158472,"3":0.7820568085,"4":0.7784900069,"5":0.796857655,"6":0.797617197,"7":0.7965801358,"8":0.7676274776,"9":0.8019014597,"10":0.8108484745,"11":0.8085980415,"12":0.8050969839,"13":0.8158234358,"14":0.8050198555,"15":0.8169952631,"16":0.8138944507,"17":0.8152962923,"18":0.8160321712,"19":0.8150336742},"val_AUC-PR":{"0":0.2045973688,"1":0.2310787737,"2":0.2587431967,"3":0.2483237386,"4":0.2307143211,"5":0.2792489529,"6":0.2697292268,"7":0.2742958069,"8":0.2557251453,"9":0.2755266726,"10":0.28901124,"11":0.2910766602,"12":0.2895931304,"13":0.2700516582,"14":0.2930330634,"15":0.2622529268,"16":0.2993995845,"17":0.3084543049,"18":0.3041925728,"19":0.2935959697},"lr":{"0":0.001,"1":0.001,"2":0.001,"3":0.001,"4":0.001,"5":0.001,"6":0.001,"7":0.001,"8":0.001,"9":0.001,"10":0.001,"11":0.001,"12":0.001,"13":0.001,"14":0.001,"15":0.001,"16":0.001,"17":0.001,"18":0.001,"19":0.001}}