{"loss":{"0":11.3343086243,"1":7.8476262093,"2":7.6718306541,"3":7.5586476326,"4":7.5166916847,"5":7.4368638992,"6":7.4086399078,"7":7.362493515,"8":7.3371524811,"9":7.3178930283,"10":7.291867733,"11":7.1965489388,"12":7.1847677231,"13":7.194709301,"14":7.1459879875,"15":7.1126289368,"16":7.1326994896,"17":7.1030707359,"18":7.0942964554},"AUC-ROC":{"0":0.580286622,"1":0.6769747734,"2":0.69247967,"3":0.702393651,"4":0.7052674294,"5":0.7142251134,"6":0.7185691595,"7":0.7224991322,"8":0.7288687229,"9":0.7300328016,"10":0.7318336964,"11":0.7384059429,"12":0.7398623824,"13":0.7419145107,"14":0.7475504279,"15":0.7505050302,"16":0.7472134829,"17":0.7513031363,"18":0.7545458078},"AUC-PR":{"0":0.0798848048,"1":0.1218472868,"2":0.1317207515,"3":0.1399743557,"4":0.1424531937,"5":0.1540363431,"6":0.160164848,"7":0.164970085,"8":0.1733940691,"9":0.1778500825,"10":0.1781478673,"11":0.1851203293,"12":0.1880573183,"13":0.1912955642,"14":0.1986286789,"15":0.2011863738,"16":0.2001907229,"17":0.2051992118,"18":0.2119570971},"val_loss":{"0":7.3064479828,"1":7.5796723366,"2":7.1298713684,"3":7.0631370544,"4":6.9078221321,"5":7.2631044388,"6":6.9270348549,"7":7.2290916443,"8":6.6573143005,"9":6.9984183311,"10":6.9278326035,"11":7.6989450455,"12":7.1992988586,"13":6.8515844345,"14":7.3733034134,"15":6.9742951393,"16":7.1684994698,"17":6.8268289566,"18":12.0286235809},"val_AUC-ROC":{"0":0.7460136414,"1":0.7530182004,"2":0.7782528996,"3":0.7779180408,"4":0.7920066714,"5":0.7857556343,"6":0.7998662591,"7":0.8069143891,"8":0.8204233646,"9":0.8089900613,"10":0.7976806164,"11":0.8072859645,"12":0.8166688681,"13":0.8243436813,"14":0.8020943403,"15":0.8166199327,"16":0.812471509,"17":0.8117135167,"18":0.817992866},"val_AUC-PR":{"0":0.1936241984,"1":0.2094914913,"2":0.2539229095,"3":0.2401764691,"4":0.259809196,"5":0.2372565269,"6":0.2604247332,"7":0.2950940132,"8":0.3037071824,"9":0.2828299403,"10":0.2810569406,"11":0.2772624791,"12":0.2777324915,"13":0.2769717276,"14":0.2610843182,"15":0.2926872075,"16":0.2908410132,"17":0.2869951427,"18":0.2921648324},"lr":{"0":0.001,"1":0.001,"2":0.001,"3":0.001,"4":0.001,"5":0.001,"6":0.001,"7":0.001,"8":0.001,"9":0.001,"10":0.001,"11":0.001,"12":0.001,"13":0.001,"14":0.001,"15":0.001,"16":0.001,"17":0.001,"18":0.001}}