{"loss":{"0":2.2159626484,"1":2.1360375881,"2":2.118029356,"3":2.1049873829,"4":2.0952837467,"5":2.0850634575,"6":2.0777306557,"7":2.0747177601,"8":2.0665957928,"9":2.0632348061,"10":2.0532832146,"11":2.0461542606,"12":2.0408847332,"13":2.039083004,"14":2.0365970135,"15":2.029794693,"16":2.0240855217,"17":2.0201325417,"18":2.0147762299,"19":2.0092554092},"AUC-ROC":{"0":0.7240163684,"1":0.7505839467,"2":0.7573137283,"3":0.7623207569,"4":0.7658575177,"5":0.768997252,"6":0.7716770768,"7":0.7730737925,"8":0.7757335901,"9":0.7767577171,"10":0.7800931931,"11":0.782489717,"12":0.7841331363,"13":0.7848284841,"14":0.7856751084,"15":0.7877187133,"16":0.7897878289,"17":0.7908938527,"18":0.7924223542,"19":0.7943086028},"AUC-PR":{"0":0.2350260317,"1":0.2810170054,"2":0.2902094424,"3":0.2968019545,"4":0.3020410836,"5":0.3068670034,"6":0.3113118112,"7":0.3130192161,"8":0.3168698847,"9":0.3185055554,"10":0.3237242401,"11":0.3274505436,"12":0.3305911422,"13":0.3311531246,"14":0.3326750696,"15":0.3360626996,"16":0.3392329514,"17":0.3407309651,"18":0.343369782,"19":0.3464101851},"val_loss":{"0":2.2171068192,"1":2.1239187717,"2":3.6962399483,"3":2.3166794777,"4":2.2172484398,"5":2.1201856136,"6":2.2677099705,"7":2.0836629868,"8":2.7348976135,"9":2.5177621841,"10":2.2697820663,"11":2.5400965214,"12":2.9961519241,"13":2.2704570293,"14":5.1096110344,"15":2.0561606884,"16":2.0419876575,"17":2.5036418438,"18":2.1215457916,"19":2.659828186},"val_AUC-ROC":{"0":0.7565486431,"1":0.7729062438,"2":0.7763772607,"3":0.7825188041,"4":0.7839959264,"5":0.7858293653,"6":0.7890524864,"7":0.7883868217,"8":0.7677761316,"9":0.7937433124,"10":0.7968996763,"11":0.7953070402,"12":0.7976922989,"13":0.7974813581,"14":0.7998256087,"15":0.7997242212,"16":0.8026761413,"17":0.8030490279,"18":0.8033608198,"19":0.802187264},"val_AUC-PR":{"0":0.2805613279,"1":0.3061130047,"2":0.3083671331,"3":0.3209275603,"4":0.3179405928,"5":0.3239373267,"6":0.3287373781,"7":0.330904156,"8":0.2815721333,"9":0.337995857,"10":0.3445340693,"11":0.3449957073,"12":0.3350524604,"13":0.3429700136,"14":0.3473091125,"15":0.3543017805,"16":0.357727617,"17":0.3520781696,"18":0.3567380607,"19":0.3558986485},"lr":{"0":0.001,"1":0.001,"2":0.001,"3":0.001,"4":0.001,"5":0.001,"6":0.001,"7":0.001,"8":0.001,"9":0.001,"10":0.001,"11":0.001,"12":0.001,"13":0.001,"14":0.001,"15":0.001,"16":0.001,"17":0.001,"18":0.001,"19":0.001}}