{"loss":{"0":3.5200686455,"1":3.2947692871,"2":3.248131752,"3":3.219367981,"4":3.1988408566,"5":3.1804373264,"6":3.1670095921,"7":3.1520409584,"8":3.1394689083,"9":3.1306385994,"10":3.1186592579,"11":3.1080946922,"12":3.0934560299,"13":3.0820868015,"14":3.0671014786,"15":3.0491709709,"16":3.0343456268,"17":3.0120079517},"AUC-ROC":{"0":0.7463600039,"1":0.7838326097,"2":0.7935940027,"3":0.7992854118,"4":0.8032205105,"5":0.8066649437,"6":0.809453249,"7":0.8121529222,"8":0.8143779039,"9":0.8162042499,"10":0.8186067939,"11":0.8203252554,"12":0.8228444457,"13":0.8250048757,"14":0.8274134994,"15":0.8304132819,"16":0.8330131769,"17":0.8364030123},"AUC-PR":{"0":0.171697244,"1":0.236608386,"2":0.2510123849,"3":0.2604994476,"4":0.2667613924,"5":0.2725988925,"6":0.2774053514,"7":0.2817147076,"8":0.2852770388,"9":0.2888261378,"10":0.2926495969,"11":0.2957416475,"12":0.2993119359,"13":0.3032536805,"14":0.3075928092,"15":0.312600255,"16":0.3180727661,"17":0.3247815073},"val_loss":{"0":3.3742432594,"1":3.2273483276,"2":3.1973354816,"3":3.3887164593,"4":3.1576993465,"5":3.132392168,"6":3.1160721779,"7":3.1093623638,"8":3.1149940491,"9":3.0910310745,"10":3.0913658142,"11":3.1048762798,"12":3.113437891,"13":3.0872900486,"14":3.0894441605,"15":3.0984668732,"16":3.1279456615,"17":3.1420063972},"val_AUC-ROC":{"0":0.7674079537,"1":0.800622046,"2":0.8070417047,"3":0.7912449241,"4":0.8140732646,"5":0.8173310757,"6":0.8197368383,"7":0.8215480447,"8":0.8209801316,"9":0.8237162828,"10":0.8243013024,"11":0.8254650831,"12":0.8242106438,"13":0.825086236,"14":0.8259219527,"15":0.8232870698,"16":0.8217581511,"17":0.8183586597},"val_AUC-PR":{"0":0.2146628946,"1":0.2568171024,"2":0.2683154345,"3":0.2376251072,"4":0.2806244195,"5":0.2884159684,"6":0.29402107,"7":0.2972112298,"8":0.2932210863,"9":0.3010846972,"10":0.3021786213,"11":0.3026477098,"12":0.3002933264,"13":0.3033047318,"14":0.3034878075,"15":0.3006632328,"16":0.2937165499,"17":0.2950815558},"lr":{"0":0.001,"1":0.001,"2":0.001,"3":0.001,"4":0.001,"5":0.001,"6":0.001,"7":0.001,"8":0.001,"9":0.001,"10":0.001,"11":0.001,"12":0.001,"13":0.001,"14":0.001,"15":0.001,"16":0.001,"17":0.001}}