{"loss":{"0":12.0153570175,"1":10.4671545029,"2":10.2562656403,"3":10.0968580246,"4":9.9738807678,"5":9.8863401413,"6":9.8052453995,"7":9.7423067093,"8":9.6692371368,"9":9.6200723648,"10":9.553850174,"11":9.4816265106,"12":9.41264534,"13":9.3266954422,"14":9.2331504822,"15":9.1266860962},"AUC-ROC":{"0":0.762100935,"1":0.8125513792,"2":0.823543787,"3":0.8317716718,"4":0.8377203345,"5":0.8420725465,"6":0.845828712,"7":0.8487959504,"8":0.8520433307,"9":0.8543008566,"10":0.85718894,"11":0.8604007363,"12":0.8634961843,"13":0.8670924902,"14":0.8708347678,"15":0.8749784827},"AUC-PR":{"0":0.1373811066,"1":0.2387925684,"2":0.2582872212,"3":0.2727951705,"4":0.2843337059,"5":0.2925703824,"6":0.3000845611,"7":0.3062604964,"8":0.312153697,"9":0.317334801,"10":0.322804451,"11":0.3290603757,"12":0.3350607753,"13":0.3431427479,"14":0.3520120978,"15":0.3634588718},"val_loss":{"0":15.4335126877,"1":10.5400629044,"2":10.262216568,"3":10.2172956467,"4":10.0933980942,"5":10.6564540863,"6":10.109126091,"7":10.4108104706,"8":9.8651437759,"9":10.2045240402,"10":10.0032081604,"11":9.9126081467,"12":9.8611927032,"13":10.5291528702,"14":9.8666858673,"15":9.9199037552},"val_AUC-ROC":{"0":0.8132812977,"1":0.8183997273,"2":0.8333382607,"3":0.8379580975,"4":0.8390524983,"5":0.843119204,"6":0.8489544988,"7":0.8480838537,"8":0.848898232,"9":0.845546186,"10":0.8497493267,"11":0.8466207981,"12":0.8493804932,"13":0.8485561013,"14":0.8500276804,"15":0.845939815},"val_AUC-PR":{"0":0.2423778623,"1":0.2485343963,"2":0.2722262442,"3":0.2835625708,"4":0.2902515531,"5":0.2934964001,"6":0.3011184335,"7":0.3085186183,"8":0.3105884194,"9":0.2967020869,"10":0.3130034506,"11":0.3091070354,"12":0.3133419156,"13":0.3028425276,"14":0.3094429672,"15":0.3075273633},"lr":{"0":0.001,"1":0.001,"2":0.001,"3":0.001,"4":0.001,"5":0.001,"6":0.001,"7":0.001,"8":0.001,"9":0.001,"10":0.001,"11":0.001,"12":0.001,"13":0.001,"14":0.001,"15":0.001}}