{"loss":{"0":26.5251636505,"1":21.6951351166,"2":20.9414081573,"3":20.5988826752,"4":20.2886314392,"5":20.1483440399,"6":19.9679355621,"7":19.8503265381,"8":19.6924152374,"9":19.5695381165,"10":19.4713802338,"11":19.3474235535,"12":19.2640228271,"13":19.1296253204,"14":19.0640411377,"15":18.9531917572,"16":18.8439617157,"17":18.7285709381,"18":18.5740604401,"19":18.4391021729},"AUC-ROC":{"0":0.735185504,"1":0.7978162169,"2":0.8131141663,"3":0.8221932054,"4":0.8291652799,"5":0.8337653875,"6":0.837905407,"7":0.8411642909,"8":0.84338063,"9":0.846323967,"10":0.8492595553,"11":0.8517531157,"12":0.8532816768,"13":0.8562893867,"14":0.8582569957,"15":0.8607279062,"16":0.8630130291,"17":0.8654016852,"18":0.8685361147,"19":0.8714100122},"AUC-PR":{"0":0.1070729718,"1":0.2133610249,"2":0.2387053818,"3":0.2552613914,"4":0.2673299611,"5":0.2766317725,"6":0.2840710878,"7":0.2908591628,"8":0.2950638533,"9":0.3009904027,"10":0.3076557815,"11":0.311624229,"12":0.3156571686,"13":0.3205179274,"14":0.3251773715,"15":0.3304173052,"16":0.3344468474,"17":0.3406461775,"18":0.347476095,"19":0.3542980254},"val_loss":{"0":22.2544364929,"1":21.7406730652,"2":21.2273921967,"3":21.0559310913,"4":20.4921417236,"5":20.4059906006,"6":20.9763240814,"7":20.0167655945,"8":20.481256485,"9":20.3647098541,"10":20.2326889038,"11":20.2361068726,"12":19.8988170624,"13":19.776342392,"14":19.6850967407,"15":19.9247837067,"16":20.0563030243,"17":19.805721283,"18":19.6096191406,"19":21.7023162842},"val_AUC-ROC":{"0":0.7869803905,"1":0.8126904368,"2":0.8149716258,"3":0.8234118223,"4":0.8304325938,"5":0.8332638741,"6":0.82848382,"7":0.8418502808,"8":0.8399768472,"9":0.8392182589,"10":0.8430520892,"11":0.8464794755,"12":0.8476460576,"13":0.8497786522,"14":0.8493041396,"15":0.8478261232,"16":0.8461660147,"17":0.851172626,"18":0.8510992527,"19":0.8471230268},"val_AUC-PR":{"0":0.21015881,"1":0.2438168377,"2":0.2495488673,"3":0.258274138,"4":0.2749307752,"5":0.2760360241,"6":0.2693218887,"7":0.2976509929,"8":0.2832387388,"9":0.2787578702,"10":0.2992343903,"11":0.3050757349,"12":0.3052736223,"13":0.3111711442,"14":0.3123437762,"15":0.3062375486,"16":0.3038816452,"17":0.3155833781,"18":0.3164072633,"19":0.3029531538},"lr":{"0":0.001,"1":0.001,"2":0.001,"3":0.001,"4":0.001,"5":0.001,"6":0.001,"7":0.001,"8":0.001,"9":0.001,"10":0.001,"11":0.001,"12":0.001,"13":0.001,"14":0.001,"15":0.001,"16":0.001,"17":0.001,"18":0.001,"19":0.001}}