{"loss":{"0":4.9103112221,"1":3.977609396,"2":3.896800518,"3":3.8583238125,"4":3.8308756351,"5":3.8016467094,"6":3.801381588,"7":3.7765750885,"8":3.7586054802,"9":3.7551078796,"10":3.7407238483,"11":3.7461547852,"12":3.7409818172,"13":3.7321219444,"14":3.7115395069,"15":3.7131516933,"16":3.7025153637,"17":3.7248940468,"18":3.719173193,"19":3.6949486732},"AUC-ROC":{"0":0.6113966107,"1":0.6639194489,"2":0.6778443456,"3":0.6850627661,"4":0.685397625,"5":0.691640079,"6":0.6932958961,"7":0.6942574382,"8":0.7002106905,"9":0.7013731599,"10":0.7033815384,"11":0.7045713663,"12":0.7050431371,"13":0.7082599401,"14":0.7130481005,"15":0.7162284255,"16":0.7155452371,"17":0.7114958167,"18":0.7162780762,"19":0.7178092599},"AUC-PR":{"0":0.0897646472,"1":0.1144229695,"2":0.1224573031,"3":0.1281694025,"4":0.1256547123,"5":0.1308120787,"6":0.1339250654,"7":0.1345240027,"8":0.1400244236,"9":0.1408381313,"10":0.1421726644,"11":0.1464053541,"12":0.1470120102,"13":0.1488412321,"14":0.1552445441,"15":0.1594478339,"16":0.1579045355,"17":0.1562346369,"18":0.1627688557,"19":0.1685114354},"val_loss":{"0":3.8402962685,"1":3.9210567474,"2":3.8185343742,"3":3.6972801685,"4":3.5144927502,"5":3.5494191647,"6":3.5137517452,"7":3.4579091072,"8":3.4394547939,"9":3.4486842155,"10":3.3970956802,"11":3.5379495621,"12":3.420293808,"13":3.4939210415,"14":3.4409456253,"15":3.4373953342,"16":3.4789528847,"17":3.4836318493,"18":3.5084748268,"19":3.3938131332},"val_AUC-ROC":{"0":0.7159231901,"1":0.6982156634,"2":0.7078034878,"3":0.7279623747,"4":0.762283504,"5":0.7525075078,"6":0.7643680573,"7":0.7761323452,"8":0.7818152905,"9":0.77531147,"10":0.7915400267,"11":0.7496603131,"12":0.7860593796,"13":0.7740599513,"14":0.7846855521,"15":0.7808766365,"16":0.7778388262,"17":0.77106601,"18":0.7587682009,"19":0.7901271582},"val_AUC-PR":{"0":0.1392347962,"1":0.1415931284,"2":0.1368281096,"3":0.1754131913,"4":0.212856397,"5":0.1740819961,"6":0.1993398964,"7":0.2226918936,"8":0.2258018702,"9":0.22780779,"10":0.2481780797,"11":0.1813123971,"12":0.2300650179,"13":0.2099976093,"14":0.2211096883,"15":0.2357798368,"16":0.1987776905,"17":0.199739784,"18":0.2052737027,"19":0.2252360284},"lr":{"0":0.001,"1":0.001,"2":0.001,"3":0.001,"4":0.001,"5":0.001,"6":0.001,"7":0.001,"8":0.001,"9":0.001,"10":0.001,"11":0.001,"12":0.001,"13":0.001,"14":0.001,"15":0.001,"16":0.001,"17":0.001,"18":0.001,"19":0.001}}