{"loss":{"0":10.8037862778,"1":7.0040707588,"2":6.8207674026,"3":6.7667551041,"4":6.7375483513,"5":6.6269741058},"AUC-ROC":{"0":0.5870288014,"1":0.67499578,"2":0.690248847,"3":0.6956472397,"4":0.6935703754,"5":0.7031718493},"AUC-PR":{"0":0.0688480362,"1":0.1059334129,"2":0.1133103892,"3":0.1171189547,"4":0.1150323749,"5":0.1209174693},"val_loss":{"0":7.5134835243,"1":7.049328804,"2":6.6583871841,"3":6.9068741798,"4":6.6047816277,"5":7.1121649742},"val_AUC-ROC":{"0":0.6833047867,"1":0.7258444428,"2":0.7254766822,"3":0.7231795192,"4":0.7306883335,"5":0.7138129473},"val_AUC-PR":{"0":0.1246252954,"1":0.1593177617,"2":0.1643939912,"3":0.156378448,"4":0.1468072832,"5":0.1394035369},"lr":{"0":0.001,"1":0.001,"2":0.001,"3":0.001,"4":0.001,"5":0.001}}