{"loss":{"0":3.5850999355,"1":3.3485088348,"2":3.3056972027,"3":3.2769052982,"4":3.2618920803,"5":3.2451815605,"6":3.2292919159,"7":3.2206473351,"8":3.2049012184,"9":3.1916897297,"10":3.180103302,"11":3.1718161106,"12":3.160326004,"13":3.1466228962,"14":3.1293587685,"15":3.116661787,"16":3.0960783958,"17":3.0763890743},"AUC-ROC":{"0":0.7421408892,"1":0.7821864486,"2":0.7909601927,"3":0.7965469956,"4":0.7999335527,"5":0.8029902577,"6":0.8059949279,"7":0.8076283932,"8":0.8104711771,"9":0.8127521276,"10":0.8148453236,"11":0.8163090944,"12":0.8185920119,"13":0.8209593296,"14":0.8236230612,"15":0.8259665966,"16":0.8293976784,"17":0.8325475454},"AUC-PR":{"0":0.1723544896,"1":0.2401281446,"2":0.2536701858,"3":0.262368083,"4":0.2676553726,"5":0.272423327,"6":0.2774622738,"7":0.280367136,"8":0.2848306894,"9":0.2889370024,"10":0.2920685112,"11":0.2943715751,"12":0.2980286777,"13":0.3020786345,"14":0.3068072498,"15":0.3110284209,"16":0.3171334267,"17":0.3239476085},"val_loss":{"0":3.3588020802,"1":3.2775990963,"2":3.2716453075,"3":3.2383670807,"4":3.2165594101,"5":3.1968288422,"6":3.1999292374,"7":3.1852426529,"8":3.1848864555,"9":3.1779270172,"10":3.1617677212,"11":3.1749384403,"12":3.1564462185,"13":3.1686460972,"14":3.1525287628,"15":3.1677036285,"16":3.1786978245,"17":3.1952390671},"val_AUC-ROC":{"0":0.7845990062,"1":0.7988522053,"2":0.8020870686,"3":0.8082405329,"4":0.8102363944,"5":0.8133164644,"6":0.8145077825,"7":0.8155419827,"8":0.8162907362,"9":0.8198416829,"10":0.8199151754,"11":0.8180035353,"12":0.8210858107,"13":0.8198105097,"14":0.8209254146,"15":0.8193162084,"16":0.8173308372,"17":0.8154014945},"val_AUC-PR":{"0":0.234275803,"1":0.2636166811,"2":0.2626954615,"3":0.2765946984,"4":0.2804915309,"5":0.287242949,"6":0.2892047763,"7":0.2922920585,"8":0.292779386,"9":0.2967972159,"10":0.2985813916,"11":0.296143055,"12":0.3011204302,"13":0.2981620431,"14":0.3026656508,"15":0.2988856137,"16":0.2970396876,"17":0.2915391326},"lr":{"0":0.001,"1":0.001,"2":0.001,"3":0.001,"4":0.001,"5":0.001,"6":0.001,"7":0.001,"8":0.001,"9":0.001,"10":0.001,"11":0.001,"12":0.001,"13":0.001,"14":0.001,"15":0.001,"16":0.001,"17":0.001}}