{"loss":{"0":5.8598246574,"1":5.2867655754,"2":5.175344944,"3":5.1178646088,"4":5.0717830658,"5":5.0412583351,"6":5.0047998428,"7":4.9713392258,"8":4.9388442039,"9":4.9066457748,"10":4.8649291992,"11":4.820145607},"AUC-ROC":{"0":0.7640830874,"1":0.8082310557,"2":0.8202914,"3":0.8263435364,"4":0.8308755755,"5":0.8341225982,"6":0.8379113674,"7":0.8409610391,"8":0.8441687226,"9":0.8473492861,"10":0.8512067795,"11":0.8552075028},"AUC-PR":{"0":0.1456743777,"1":0.231929183,"2":0.2515494525,"3":0.2623647749,"4":0.2708327472,"5":0.2765723765,"6":0.2837016582,"7":0.2886942327,"8":0.2947710156,"9":0.300770551,"10":0.3074817359,"11":0.3158048987},"val_loss":{"0":5.2861332893,"1":5.1923503876,"2":5.094730854,"3":5.0643057823,"4":5.0043330193,"5":4.9900984764,"6":4.9675531387,"7":4.9713687897,"8":4.9599466324,"9":4.9796481133,"10":4.9837880135,"11":4.983332634},"val_AUC-ROC":{"0":0.8108251095,"1":0.823484838,"2":0.8319018483,"3":0.8345456719,"4":0.8392955661,"5":0.8408594728,"6":0.8431455493,"7":0.8430332541,"8":0.8430182934,"9":0.8421397209,"10":0.8419774175,"11":0.8415679336},"val_AUC-PR":{"0":0.228695035,"1":0.2472291887,"2":0.264747262,"3":0.27167961,"4":0.2808531523,"5":0.2862487733,"6":0.2919095159,"7":0.2908464968,"8":0.2951282859,"9":0.2910767794,"10":0.2937496305,"11":0.2928905785},"lr":{"0":0.001,"1":0.001,"2":0.001,"3":0.001,"4":0.001,"5":0.001,"6":0.001,"7":0.001,"8":0.001,"9":0.001,"10":0.001,"11":0.001}}