{"loss":{"0":8.9117918015,"1":8.3568162918,"2":8.2299909592,"3":8.1474161148,"4":8.0796031952,"5":8.0308704376,"6":7.9783935547,"7":7.9387183189,"8":7.890707016,"9":7.8599796295,"10":7.8099532127,"11":7.7695732117,"12":7.7160754204,"13":7.6566109657,"14":7.6017374992,"15":7.5283837318,"16":7.4452662468,"17":7.3556513786,"18":7.2759809494,"19":7.2000775337},"AUC-ROC":{"0":0.7320665717,"1":0.7676271796,"2":0.7785827518,"3":0.7852093577,"4":0.7905036211,"5":0.7944371104,"6":0.7983926535,"7":0.8015879989,"8":0.8050636053,"9":0.8074812889,"10":0.8111039996,"11":0.8143497109,"12":0.8180675507,"13":0.8222914338,"14":0.8261423111,"15":0.8308319449,"16":0.8359042406,"17":0.8411567807,"18":0.8459339142,"19":0.8500236869},"AUC-PR":{"0":0.2312763482,"1":0.3054926395,"2":0.3219034374,"3":0.332651794,"4":0.3416056335,"5":0.3478915393,"6":0.3542277217,"7":0.3592162728,"8":0.3648462892,"9":0.3685281575,"10":0.3743443787,"11":0.37902385,"12":0.3854569495,"13":0.3921726346,"14":0.3984909356,"15":0.4071563184,"16":0.4175482392,"17":0.4286974072,"18":0.4389475882,"19":0.4482726157},"val_loss":{"0":8.4786157608,"1":8.5107212067,"2":8.2467699051,"3":8.2370595932,"4":8.2740468979,"5":8.1334266663,"6":8.4447546005,"7":7.9915952682,"8":8.0556602478,"9":7.952606678,"10":7.9348015785,"11":8.0034065247,"12":7.9160699844,"13":7.9874172211,"14":8.1534576416,"15":8.0949287415,"16":8.2006845474,"17":8.3228082657,"18":9.0180168152,"19":8.1353206635},"val_AUC-ROC":{"0":0.7714719176,"1":0.7729645371,"2":0.7889176011,"3":0.7896350622,"4":0.7888381481,"5":0.7993574142,"6":0.8014879227,"7":0.8030387163,"8":0.8028954268,"9":0.8063889146,"10":0.8049090505,"11":0.8025459647,"12":0.805790484,"13":0.8055112958,"14":0.8028866053,"15":0.8026570678,"16":0.7996324897,"17":0.7990906835,"18":0.7979074121,"19":0.7953346968},"val_AUC-PR":{"0":0.3070262074,"1":0.3084096313,"2":0.3343241513,"3":0.340202719,"4":0.3322713375,"5":0.3555681407,"6":0.359349817,"7":0.363948375,"8":0.3632810414,"9":0.3705747128,"10":0.368717134,"11":0.3653388023,"12":0.3725435436,"13":0.3692604303,"14":0.3613705337,"15":0.3635403812,"16":0.3533994853,"17":0.3542805612,"18":0.3502812088,"19":0.351837486},"lr":{"0":0.001,"1":0.001,"2":0.001,"3":0.001,"4":0.001,"5":0.001,"6":0.001,"7":0.001,"8":0.001,"9":0.001,"10":0.001,"11":0.001,"12":0.001,"13":0.001,"14":0.001,"15":0.001,"16":0.001,"17":0.001,"18":0.001,"19":0.001}}