{"loss":{"0":10.4644536972,"1":6.7667350769,"2":6.6022458076,"3":6.528239727,"4":6.4661588669,"5":6.4173893929,"6":6.3533411026,"7":6.3654270172,"8":6.3526787758,"9":6.2884864807,"10":6.2919340134,"11":6.2593131065},"AUC-ROC":{"0":0.5874905586,"1":0.6902154684,"2":0.7080185413,"3":0.7130421996,"4":0.7201048732,"5":0.7237392664,"6":0.7311042547,"7":0.7280139327,"8":0.7326007485,"9":0.7396525145,"10":0.7412078381,"11":0.7473815084},"AUC-PR":{"0":0.0668449849,"1":0.1144394204,"2":0.1252065301,"3":0.1299672723,"4":0.1379365325,"5":0.14122881,"6":0.147926122,"7":0.144964695,"8":0.1498054415,"9":0.1594948471,"10":0.1649483591,"11":0.1689290553},"val_loss":{"0":6.5737228394,"1":6.3023958206,"2":6.4641494751,"3":6.0777287483,"4":6.2265577316,"5":5.860669136,"6":6.2273244858,"7":6.0706954002,"8":5.9403381348,"9":6.1896438599,"10":6.1768159866,"11":6.0342278481},"val_AUC-ROC":{"0":0.7399348617,"1":0.7648942471,"2":0.7820068002,"3":0.8010107279,"4":0.7778623104,"5":0.8123881221,"6":0.7872107029,"7":0.7905596495,"8":0.8107820153,"9":0.7960922122,"10":0.7893926501,"11":0.806040585},"val_AUC-PR":{"0":0.203870967,"1":0.2241381556,"2":0.2249356061,"3":0.2518666685,"4":0.2368576378,"5":0.2715988159,"6":0.2397163659,"7":0.248801738,"8":0.2721528709,"9":0.243713215,"10":0.2475776374,"11":0.2566050589},"lr":{"0":0.001,"1":0.001,"2":0.001,"3":0.001,"4":0.001,"5":0.001,"6":0.001,"7":0.001,"8":0.001,"9":0.001,"10":0.001,"11":0.001}}