{"loss":{"0":1.7581057549,"1":1.6851427555,"2":1.6676504612,"3":1.6560813189,"4":1.6458573341,"5":1.6379123926,"6":1.6298372746,"7":1.6226881742,"8":1.6181342602,"9":1.6125228405,"10":1.6071640253,"11":1.6015388966,"12":1.5963671207,"13":1.5919406414,"14":1.5904439688,"15":1.583168149,"16":1.5777058601,"17":1.5717616081,"18":1.5680385828,"19":1.5618380308},"AUC-ROC":{"0":0.7470479012,"1":0.7744514942,"2":0.7821850181,"3":0.7874854803,"4":0.7916602492,"5":0.7947935462,"6":0.798099637,"7":0.8007792234,"8":0.8025367856,"9":0.8049848676,"10":0.8069062829,"11":0.8092265129,"12":0.8112355471,"13":0.8126471639,"14":0.8132428527,"15":0.8158082366,"16":0.8178030252,"17":0.8199809194,"18":0.8213866353,"19":0.8232896328},"AUC-PR":{"0":0.1881057173,"1":0.2332867831,"2":0.2433316708,"3":0.2506540716,"4":0.2575817108,"5":0.2613263428,"6":0.2660735846,"7":0.2707113922,"8":0.2733205855,"9":0.2775305808,"10":0.2803321183,"11":0.283875823,"12":0.2866982222,"13":0.2901288271,"14":0.2908947766,"15":0.2950339913,"16":0.2982055843,"17":0.3023401499,"18":0.3042533398,"19":0.3071059287},"val_loss":{"0":2.1675097942,"1":2.5259034634,"2":6.5437297821,"3":1.7458136082,"4":2.4337887764,"5":2.2858760357,"6":1.6904764175,"7":1.9098235369,"8":1.7480187416,"9":1.9405007362,"10":1.8981071711,"11":1.8009864092,"12":1.7182723284,"13":1.7345161438,"14":1.7275100946,"15":2.0520756245,"16":1.765494585,"17":2.4365458488,"18":2.7922282219,"19":2.2835025787},"val_AUC-ROC":{"0":0.7795392275,"1":0.7962921262,"2":0.7987825274,"3":0.8065978885,"4":0.8092119694,"5":0.8051915169,"6":0.8165155053,"7":0.812574923,"8":0.8173218966,"9":0.8184729815,"10":0.8174818754,"11":0.8223730326,"12":0.8238750696,"13":0.8205868006,"14":0.8267753124,"15":0.8268604279,"16":0.8274505734,"17":0.827370286,"18":0.8251866102,"19":0.8291544318},"val_AUC-PR":{"0":0.225656569,"1":0.2569924295,"2":0.2584924102,"3":0.2772193551,"4":0.2765626609,"5":0.2677824497,"6":0.2925346196,"7":0.2893527746,"8":0.296805501,"9":0.2969826758,"10":0.298094213,"11":0.2981085181,"12":0.3058360219,"13":0.303147912,"14":0.3103866279,"15":0.3112393916,"16":0.3157886267,"17":0.3162848055,"18":0.3108281791,"19":0.3187681437},"lr":{"0":0.001,"1":0.001,"2":0.001,"3":0.001,"4":0.001,"5":0.001,"6":0.001,"7":0.001,"8":0.001,"9":0.001,"10":0.001,"11":0.001,"12":0.001,"13":0.001,"14":0.001,"15":0.001,"16":0.001,"17":0.001,"18":0.001,"19":0.001}}