{"loss":{"0":7.0010104179,"1":6.4556016922,"2":6.3454618454,"3":6.2660112381,"4":6.21839571,"5":6.1671648026,"6":6.1340899467,"7":6.1086039543,"8":6.0735116005,"9":6.0418548584,"10":6.0075740814,"11":5.9743199348,"12":5.9318299294,"13":5.8884119987,"14":5.8536601067,"15":5.7876558304,"16":5.722237587,"17":5.6571249962,"18":5.5953774452,"19":5.5352005959},"AUC-ROC":{"0":0.7562516928,"1":0.7956717014,"2":0.8067895174,"3":0.814111948,"4":0.8184205294,"5":0.8228148818,"6":0.8259769678,"7":0.8280321956,"8":0.8309805393,"9":0.8338404894,"10":0.8366507292,"11":0.8392335176,"12":0.8427776694,"13":0.8460199237,"14":0.8485367298,"15":0.8534730077,"16":0.8576911688,"17":0.8622134924,"18":0.8658685088,"19":0.8696113825},"AUC-PR":{"0":0.1779446453,"1":0.2567177415,"2":0.2739613652,"3":0.2860747278,"4":0.2941068113,"5":0.3015815914,"6":0.3068229258,"7":0.3105976284,"8":0.3155938685,"9":0.3209710717,"10":0.3257700205,"11":0.3309168816,"12":0.3370382488,"13":0.3437604606,"14":0.349139154,"15":0.3601375818,"16":0.3710708022,"17":0.3825345933,"18":0.3935701549,"19":0.4041958749},"val_loss":{"0":6.5353946686,"1":6.4308395386,"2":6.3576455116,"3":6.3108139038,"4":6.404815197,"5":6.376335144,"6":6.243124485,"7":6.2614216805,"8":6.6216411591,"9":6.0789928436,"10":6.2915229797,"11":6.0659480095,"12":6.1410117149,"13":6.4011702538,"14":6.1416730881,"15":6.1763033867,"16":6.4142804146,"17":6.2587614059,"18":6.2308149338,"19":6.3821239471},"val_AUC-ROC":{"0":0.7958456874,"1":0.8068574071,"2":0.815210104,"3":0.8196704388,"4":0.823104322,"5":0.8211303949,"6":0.8277134895,"7":0.8265531063,"8":0.8319799304,"9":0.8336046934,"10":0.8191927075,"11":0.83529073,"12":0.8328738213,"13":0.833717525,"14":0.8338217735,"15":0.8317726254,"16":0.827814877,"17":0.8267609477,"18":0.8277453184,"19":0.8243370652},"val_AUC-PR":{"0":0.2540174723,"1":0.2737445235,"2":0.2882381082,"3":0.2944745421,"4":0.3043167889,"5":0.303393513,"6":0.3130074739,"7":0.3080519438,"8":0.3163206875,"9":0.3256386817,"10":0.2912360132,"11":0.3299539387,"12":0.3235401809,"13":0.3234369755,"14":0.3234104514,"15":0.3194174469,"16":0.3123234212,"17":0.3068861067,"18":0.3129925728,"19":0.3016350269},"lr":{"0":0.001,"1":0.001,"2":0.001,"3":0.001,"4":0.001,"5":0.001,"6":0.001,"7":0.001,"8":0.001,"9":0.001,"10":0.001,"11":0.001,"12":0.001,"13":0.001,"14":0.001,"15":0.001,"16":0.001,"17":0.001,"18":0.001,"19":0.001}}